{
	"carName": "porsche_992_gt3_r",
	"basicSetup":
	{
		"tyres":
		{
			"tyreCompound": 0,
			"tyrePressure": [ 45, 59, 37, 49 ]
		},
		"alignment":
		{
			"camber": [ 0, 0, 0, 0 ],
			"toe": [ 26, 26, 55, 55 ],
			"staticCamber": [ -4.6069884300231934, -4.5982999801635742, 0.48616355657577515, 0.49572122097015381 ],
			"toeOutLinear": [ 0.00029418221674859524, 0.00029418937629088759, -0.0073953429237008095, -0.0073953024111688137 ],
			"casterLF": 30,
			"casterRF": 30,
			"steerRatio": 5
		},
		"electronics":
		{
			"tC1": 4,
			"tC2": 0,
			"abs": 3,
			"eCUMap": 7,
			"fuelMix": 0,
			"telemetryLaps": 0
		},
		"strategy":
		{
			"fuel": 48,
			"nPitStops": 0,
			"tyreSet": 0,
			"frontBrakePadCompound": 0,
			"rearBrakePadCompound": 0,
			"pitStrategy": [
				{
					"fuelToAdd": 0,
					"tyres":
					{
						"tyreCompound": 0,
						"tyrePressure": [ 45, 59, 37, 49 ]
					},
					"tyreSet": 2,
					"frontBrakePadCompound": 1,
					"rearBrakePadCompound": 1
				}
			],
			"fuelPerLap": 2.9000000953674316
		}
	},
	"advancedSetup":
	{
		"mechanicalBalance":
		{
			"aRBFront": 5,
			"aRBRear": 2,
			"wheelRate": [ 4, 4, 2, 2 ],
			"bumpStopRateUp": [ 7, 7, 12, 12 ],
			"bumpStopRateDn": [ 0, 0, 10, 10 ],
			"bumpStopWindow": [ 18, 18, 20, 20 ],
			"brakeTorque": 20,
			"brakeBias": 29
		},
		"dampers":
		{
			"bumpSlow": [ 10, 10, 8, 8 ],
			"bumpFast": [ 6, 6, 4, 4 ],
			"reboundSlow": [ 10, 10, 6, 6 ],
			"reboundFast": [ 5, 5, 9, 9 ]
		},
		"aeroBalance":
		{
			"rideHeight": [ 0, 11, 10, 18 ],
			"rodLength": [ 34.579544067382813, 34.579544067382813, -65.551254272460938, -65.551254272460938 ],
			"splitter": 0,
			"rearWing": 12,
			"brakeDuct": [ 3, 4 ]
		},
		"drivetrain":
		{
			"preload": 13
		}
	},
	"trackBopType": 37
}