{
	"carName": "porsche_992_gt3_r",
	"basicSetup":
	{
		"tyres":
		{
			"tyreCompound": 0,
			"tyrePressure": [ 59, 53, 45, 43 ]
		},
		"alignment":
		{
			"camber": [ 0, 0, 0, 0 ],
			"toe": [ 22, 22, 55, 55 ],
			"staticCamber": [ -4.6061811447143555, -4.6106138229370117, 0.77921867370605469, 0.77692687511444092 ],
			"toeOutLinear": [ 0.0003961074398830533, 0.00039610624662600458, -0.007438022643327713, -0.0074379434809088707 ],
			"casterLF": 30,
			"casterRF": 30,
			"steerRatio": 5
		},
		"electronics":
		{
			"tC1": 4,
			"tC2": 0,
			"abs": 3,
			"eCUMap": 7,
			"fuelMix": 0,
			"telemetryLaps": 0
		},
		"strategy":
		{
			"fuel": 48,
			"nPitStops": 0,
			"tyreSet": 0,
			"frontBrakePadCompound": 0,
			"rearBrakePadCompound": 0,
			"pitStrategy": [
				{
					"fuelToAdd": 0,
					"tyres":
					{
						"tyreCompound": 0,
						"tyrePressure": [ 59, 53, 45, 43 ]
					},
					"tyreSet": 2,
					"frontBrakePadCompound": 1,
					"rearBrakePadCompound": 1
				}
			],
			"fuelPerLap": 3.4517326354980469
		}
	},
	"advancedSetup":
	{
		"mechanicalBalance":
		{
			"aRBFront": 6,
			"aRBRear": 2,
			"wheelRate": [ 4, 4, 2, 2 ],
			"bumpStopRateUp": [ 9, 9, 11, 11 ],
			"bumpStopRateDn": [ 0, 0, 10, 10 ],
			"bumpStopWindow": [ 16, 16, 30, 30 ],
			"brakeTorque": 20,
			"brakeBias": 30
		},
		"dampers":
		{
			"bumpSlow": [ 9, 9, 8, 8 ],
			"bumpFast": [ 6, 6, 4, 4 ],
			"reboundSlow": [ 8, 8, 7, 7 ],
			"reboundFast": [ 10, 10, 6, 6 ]
		},
		"aeroBalance":
		{
			"rideHeight": [ 0, 11, 5, 18 ],
			"rodLength": [ 34.581714630126953, 34.581714630126953, -70.388504028320313, -70.388504028320313 ],
			"splitter": 0,
			"rearWing": 9,
			"brakeDuct": [ 3, 3 ]
		},
		"drivetrain":
		{
			"preload": 18
		}
	},
	"trackBopType": 39
}