{
	"carName": "mercedes_amg_gt3_evo",
	"basicSetup":
	{
		"tyres":
		{
			"tyreCompound": 0,
			"tyrePressure": [ 53, 49, 48, 46 ]
		},
		"alignment":
		{
			"camber": [ 0, 0, 0, 0 ],
			"toe": [ 23, 23, 54, 54 ],
			"staticCamber": [ -3.9290964603424072, -3.9332644939422607, -4.1731481552124023, -4.1748075485229492 ],
			"toeOutLinear": [ 0.00038916853372938931, 0.00038746450445614755, 0.0003106683143414557, 0.0003103223571088165 ],
			"casterLF": 44,
			"casterRF": 44,
			"steerRatio": 2
		},
		"electronics":
		{
			"tC1": 4,
			"tC2": 0,
			"abs": 3,
			"eCUMap": 0,
			"fuelMix": 0,
			"telemetryLaps": 0
		},
		"strategy":
		{
			"fuel": 48,
			"nPitStops": 0,
			"tyreSet": 0,
			"frontBrakePadCompound": 0,
			"rearBrakePadCompound": 0,
			"pitStrategy": [
				{
					"fuelToAdd": 0,
					"tyres":
					{
						"tyreCompound": 0,
						"tyrePressure": [ 53, 49, 48, 46 ]
					},
					"tyreSet": 2,
					"frontBrakePadCompound": 1,
					"rearBrakePadCompound": 1
				}
			],
			"fuelPerLap": 3.6603546142578125
		}
	},
	"advancedSetup":
	{
		"mechanicalBalance":
		{
			"aRBFront": 6,
			"aRBRear": 4,
			"wheelRate": [ 2, 2, 1, 1 ],
			"bumpStopRateUp": [ 7, 7, 5, 5 ],
			"bumpStopRateDn": [ 0, 0, 10, 10 ],
			"bumpStopWindow": [ 25, 25, 30, 30 ],
			"brakeTorque": 20,
			"brakeBias": 22
		},
		"dampers":
		{
			"bumpSlow": [ 7, 7, 5, 5 ],
			"bumpFast": [ 4, 4, 4, 4 ],
			"reboundSlow": [ 7, 7, 5, 5 ],
			"reboundFast": [ 6, 6, 9, 9 ]
		},
		"aeroBalance":
		{
			"rideHeight": [ 0, 6, 8, 18 ],
			"rodLength": [ -2.2888355255126953, -2.2888355255126953, 72.277351379394531, 72.277351379394531 ],
			"splitter": 0,
			"rearWing": 6,
			"brakeDuct": [ 3, 3 ]
		},
		"drivetrain":
		{
			"preload": 16
		}
	},
	"trackBopType": 39
}