{
	"carName": "porsche_992_gt3_r",
	"basicSetup":
	{
		"tyres":
		{
			"tyreCompound": 0,
			"tyrePressure": [ 46, 57, 40, 45 ]
		},
		"alignment":
		{
			"camber": [ 0, 0, 0, 0 ],
			"toe": [ 25, 25, 52, 52 ],
			"staticCamber": [ -4.6059465408325195, -4.5987701416015625, 0.60742306709289551, 0.61157327890396118 ],
			"toeOutLinear": [ 0.0003198930062353611, 0.00031989693525247276, -0.0072909467853605747, -0.0072910143062472343 ],
			"casterLF": 30,
			"casterRF": 30,
			"steerRatio": 5
		},
		"electronics":
		{
			"tC1": 4,
			"tC2": 0,
			"abs": 3,
			"eCUMap": 7,
			"fuelMix": 0,
			"telemetryLaps": 0
		},
		"strategy":
		{
			"fuel": 48,
			"nPitStops": 0,
			"tyreSet": 0,
			"frontBrakePadCompound": 0,
			"rearBrakePadCompound": 0,
			"pitStrategy": [
				{
					"fuelToAdd": 0,
					"tyres":
					{
						"tyreCompound": 0,
						"tyrePressure": [ 46, 57, 40, 45 ]
					},
					"tyreSet": 2,
					"frontBrakePadCompound": 1,
					"rearBrakePadCompound": 1
				}
			],
			"fuelPerLap": 2.8730087280273438
		}
	},
	"advancedSetup":
	{
		"mechanicalBalance":
		{
			"aRBFront": 5,
			"aRBRear": 2,
			"wheelRate": [ 4, 4, 2, 2 ],
			"bumpStopRateUp": [ 9, 9, 7, 7 ],
			"bumpStopRateDn": [ 0, 0, 10, 10 ],
			"bumpStopWindow": [ 15, 15, 20, 20 ],
			"brakeTorque": 20,
			"brakeBias": 27
		},
		"dampers":
		{
			"bumpSlow": [ 10, 12, 8, 8 ],
			"bumpFast": [ 6, 6, 5, 5 ],
			"reboundSlow": [ 10, 10, 6, 6 ],
			"reboundFast": [ 8, 8, 10, 10 ]
		},
		"aeroBalance":
		{
			"rideHeight": [ 0, 11, 8, 18 ],
			"rodLength": [ 34.261936187744141, 34.261936187744141, -67.936508178710938, -67.936508178710938 ],
			"splitter": 0,
			"rearWing": 12,
			"brakeDuct": [ 3, 3 ]
		},
		"drivetrain":
		{
			"preload": 18
		}
	},
	"trackBopType": 52
}